Time Stamp,ID,Extended,Dir,Bus,LEN,D1,D2,
0,000005CA,false,Tx,0,8,00,00,00,00,00,00,00,00,
0,000005CA,false,Tx,0,8,01,01,00,00,00,00,00,00,
0,000005CA,false,Tx,0,8,02,02,00,00,00,00,00,00,
0,000005CA,false,Tx,0,8,03,03,00,00,00,00,00,00,
0,000005CA,false,Tx,0,8,04,04,00,00,00,00,00,00,
0,000005CA,false,Tx,0,8,05,05,00,00,00,00,00,00,
0,000005CA,false,Tx,0,8,06,06,00,00,00,00,00,00,
0,000005CA,false,Tx,0,8,07,07,00,00,00,00,00,00,
0,000005CA,false,Tx,0,8,08,08,00,00,00,00,00,00,
0,000005CA,false,Tx,0,8,09,09,00,00,00,00,00,00,
0,000005CA,false,Tx,0,8,0a,0a,00,00,00,00,00,00,
0,000005CA,false,Tx,0,8,0b,0b,00,00,00,00,00,00,
0,000005CA,false,Tx,0,8,0c,0c,00,00,00,00,00,00,
0,000005CA,false,Tx,0,8,0d,0d,00,00,00,00,00,00,
0,000005CA,false,Tx,0,8,0e,0e,00,00,00,00,00,00,
0,000005CA,false,Tx,0,8,0f,0f,00,00,00,00,00,00,
